id_pedido,id_usuario,id_restaurante,data_pedido,valor_total,status
1,49,5,2026-02-05 08:55:50,-9.35,Cancelado
2,16,3,2026-02-21 08:55:50,35.19,Cancelado
3,19,3,2026-01-09 08:55:50,-39.67,Entregue
4,18,9,2026-02-21 08:55:50,29.74,Entregue
5,33,3,2026-01-03 08:55:50,40.51,Em Rota
6,30,9,2026-02-01 08:55:50,135.31,Em Rota
7,18,8,2026-01-05 08:55:50,64.91,Entregue
8,26,6,2026-02-15 08:55:50,92.96,Entregue
9,6,8,2026-01-29 08:55:50,95.13,Cancelado
10,26,1,2026-01-16 08:55:50,124.34,Em Rota
11,30,2,2026-01-15 08:55:50,64.29,Em Rota
12,20,10,2026-01-19 08:55:50,39.24,Entregue
13,23,4,2026-02-02 08:55:50,144.41,Entregue
14,31,5,2026-01-08 08:55:50,58.25,Em Rota
15,44,10,2026-01-15 08:55:50,135.08,Cancelado
16,50,4,2026-01-14 08:55:50,80.7,Entregue
17,30,4,2026-02-14 08:55:50,66.35,Cancelado
18,5,1,2026-02-11 08:55:50,136.55,Em Rota
19,50,3,2026-01-19 08:55:50,127.46,Entregue
20,14,9,2026-02-05 08:55:50,25.14,Em Rota
21,46,8,2026-02-01 08:55:50,-21.92,Cancelado
22,46,8,2026-02-10 08:55:50,44.92,Em Rota
23,37,5,2026-02-28 08:55:50,22.0,Cancelado
24,44,1,2026-02-20 08:55:50,68.21,Em Rota
25,2,1,2026-01-15 08:55:50,123.21,Cancelado
26,48,3,2026-02-27 08:55:50,130.09,Cancelado
27,46,2,2026-01-17 08:55:50,86.31,Cancelado
28,3,10,2026-01-14 08:55:50,48.73,Em Rota
29,1,7,2026-02-15 08:55:50,,Cancelado
30,47,1,2026-03-02 08:55:50,66.48,Entregue
31,39,10,2026-01-14 08:55:50,93.11,Cancelado
32,11,5,2026-01-13 08:55:50,59.87,Entregue
33,1,1,2026-01-14 08:55:50,43.15,Entregue
34,8,5,2026-02-20 08:55:50,104.51,Entregue
35,40,7,2026-01-24 08:55:50,98.31,Cancelado
36,40,8,2026-03-03 08:55:50,59.54,Cancelado
37,41,4,2026-01-07 08:55:50,142.9,Cancelado
38,23,6,2026-01-15 08:55:50,39.86,Em Rota
39,8,6,2026-01-12 08:55:50,19.96,Em Rota
40,16,1,2026-02-03 08:55:50,82.48,Cancelado
41,10,2,2026-02-27 08:55:50,84.42,Cancelado
42,11,8,2026-01-26 08:55:50,-48.85,Cancelado
43,1,3,2026-01-25 08:55:50,19.89,Cancelado
44,35,3,2026-01-07 08:55:50,24.48,Entregue
45,46,10,2026-02-13 08:55:50,148.54,Cancelado
46,17,10,2026-02-23 08:55:50,126.73,Cancelado
47,1,4,2026-02-04 08:55:50,110.65,Cancelado
48,10,8,2026-01-31 08:55:50,96.48,Em Rota
49,28,8,2026-01-06 08:55:50,44.46,Cancelado
50,4,2,2026-02-16 08:55:50,149.16,Em Rota
51,50,9,2026-03-01 08:55:50,62.22,Em Rota
52,37,6,2026-02-18 08:55:50,15.75,Em Rota
53,34,5,2026-01-26 08:55:50,-25.22,Entregue
54,3,3,2026-01-30 08:55:50,24.76,Cancelado
55,26,2,2026-01-13 08:55:50,111.21,Cancelado
56,41,4,2026-01-21 08:55:50,125.6,Cancelado
57,44,3,2026-02-12 08:55:50,72.75,Entregue
58,19,10,2026-02-28 08:55:50,20.2,Cancelado
59,42,6,2026-01-27 08:55:50,81.89,Em Rota
60,47,6,2026-02-06 08:55:50,47.86,Entregue
61,14,8,2026-02-24 08:55:50,80.13,Cancelado
62,39,4,2026-01-25 08:55:50,107.78,Entregue
63,21,1,2026-02-09 08:55:50,66.91,Cancelado
64,3,5,2026-01-18 08:55:50,72.14,Em Rota
65,44,9,2026-02-01 08:55:50,116.19,Entregue
66,12,5,2026-01-12 08:55:50,105.81,Cancelado
67,8,1,2026-02-19 08:55:50,115.62,Entregue
68,39,8,2026-02-16 08:55:50,67.15,Em Rota
69,48,7,2026-01-11 08:55:50,89.01,Em Rota
70,19,9,2026-02-17 08:55:50,101.37,Em Rota
71,12,3,2026-01-11 08:55:50,127.41,Em Rota
72,31,4,2026-02-26 08:55:50,26.89,Cancelado
73,38,3,2026-02-13 08:55:50,63.82,Entregue
74,14,4,2026-01-05 08:55:50,,Cancelado
75,39,3,2026-01-23 08:55:50,51.45,Cancelado
76,23,3,2026-01-10 08:55:50,112.39,Entregue
77,15,2,2026-03-01 08:55:50,119.58,Em Rota
78,6,5,2026-02-14 08:55:50,54.83,Entregue
79,42,9,2026-02-24 08:55:50,23.81,Cancelado
80,44,1,2026-02-06 08:55:50,78.55,Em Rota
81,18,2,2026-02-10 08:55:50,19.09,Em Rota
82,11,7,2026-01-11 08:55:50,-32.56,Entregue
83,8,3,2026-01-06 08:55:50,77.54,Em Rota
84,17,2,2026-01-11 08:55:50,31.31,Em Rota
85,5,8,2026-01-08 08:55:50,103.53,Cancelado
86,26,5,2026-01-21 08:55:50,15.41,Em Rota
87,6,2,2026-02-28 08:55:50,137.96,Entregue
88,39,4,2026-01-07 08:55:50,64.69,Cancelado
89,15,1,2026-02-12 08:55:50,-12.5,Em Rota
90,22,2,2026-02-11 08:55:50,129.72,Entregue
91,46,8,2026-01-20 08:55:50,77.47,Em Rota
92,40,5,2026-01-04 08:55:50,40.35,Entregue
93,18,7,2026-02-28 08:55:50,80.21,Em Rota
94,4,1,2026-01-20 08:55:50,,Em Rota
95,30,9,2026-02-13 08:55:50,118.58,Entregue
96,41,7,2026-02-13 08:55:50,134.9,Cancelado
97,38,4,2026-01-04 08:55:50,44.32,Cancelado
98,23,2,2026-01-31 08:55:50,20.8,Cancelado
99,11,2,2026-01-15 08:55:50,119.52,Em Rota
100,8,6,2026-01-17 08:55:50,100.25,Entregue
101,22,1,2026-03-03 08:55:50,69.28,Em Rota
102,36,7,2026-01-18 08:55:50,19.01,Entregue
103,11,1,2026-02-13 08:55:50,18.46,Em Rota
104,34,2,2026-01-06 08:55:50,20.46,Cancelado
105,19,9,2026-02-20 08:55:50,30.78,Cancelado
106,33,10,2026-01-20 08:55:50,147.17,Em Rota
107,28,7,2026-01-08 08:55:50,37.97,Em Rota
108,42,9,2026-02-02 08:55:50,89.2,Em Rota
109,17,8,2026-02-23 08:55:50,58.76,Entregue
110,3,8,2026-02-25 08:55:50,145.37,Em Rota
111,50,4,2026-02-07 08:55:50,127.57,Em Rota
112,35,9,2026-01-17 08:55:50,91.88,Cancelado
113,29,9,2026-01-14 08:55:50,40.98,Em Rota
114,36,5,2026-02-19 08:55:50,126.49,Em Rota
115,4,5,2026-02-01 08:55:50,,Cancelado
116,30,3,2026-01-15 08:55:50,28.61,Cancelado
117,32,9,2026-01-06 08:55:50,18.93,Em Rota
118,18,5,2026-02-07 08:55:50,121.7,Entregue
119,24,10,2026-02-18 08:55:50,145.36,Em Rota
120,38,10,2026-01-05 08:55:50,129.6,Cancelado
121,16,3,2026-03-02 08:55:50,109.32,Entregue
122,45,3,2026-02-16 08:55:50,127.33,Cancelado
123,12,10,2026-02-20 08:55:50,136.37,Cancelado
124,31,10,2026-01-10 08:55:50,79.94,Entregue
125,38,6,2026-01-21 08:55:50,68.59,Em Rota
126,2,2,2026-01-21 08:55:50,136.7,Entregue
127,13,1,2026-01-29 08:55:50,73.45,Em Rota
128,12,1,2026-01-27 08:55:50,56.76,Entregue
129,1,8,2026-01-08 08:55:50,58.12,Em Rota
130,49,5,2026-01-23 08:55:50,86.83,Em Rota
131,36,1,2026-02-27 08:55:50,16.6,Cancelado
132,22,8,2026-01-29 08:55:50,85.97,Cancelado
133,44,4,2026-01-30 08:55:50,64.48,Cancelado
134,12,2,2026-01-05 08:55:50,63.52,Entregue
135,22,3,2026-01-03 08:55:50,30.45,Cancelado
136,34,9,2026-02-09 08:55:50,122.06,Em Rota
137,47,3,2026-01-02 08:55:50,127.16,Entregue
138,30,3,2026-02-04 08:55:50,51.2,Cancelado
139,9,4,2026-02-15 08:55:50,102.62,Cancelado
140,38,10,2026-01-09 08:55:50,-14.1,Em Rota
141,20,5,2026-01-23 08:55:50,133.4,Em Rota
142,8,9,2026-01-12 08:55:50,47.28,Entregue
143,14,1,2026-01-14 08:55:50,118.68,Em Rota
144,28,2,2026-01-09 08:55:50,50.43,Em Rota
145,3,1,2026-02-27 08:55:50,39.54,Cancelado
146,1,9,2026-02-02 08:55:50,55.18,Em Rota
147,5,9,2026-02-21 08:55:50,102.54,Cancelado
148,30,1,2026-02-16 08:55:50,49.94,Entregue
149,32,6,2026-01-22 08:55:50,105.25,Entregue
150,38,1,2026-02-06 08:55:50,93.29,Em Rota
151,41,6,2026-02-23 08:55:50,114.94,Entregue
152,35,8,2026-01-14 08:55:50,69.91,Entregue
153,24,5,2026-02-23 08:55:50,80.66,Em Rota
154,29,8,2026-02-19 08:55:50,25.56,Em Rota
155,28,9,2026-02-02 08:55:50,132.82,Entregue
156,50,3,2026-02-14 08:55:50,27.14,Entregue
157,46,4,2026-02-15 08:55:50,74.58,Cancelado
158,12,4,2026-01-25 08:55:50,76.67,Cancelado
159,44,3,2026-01-11 08:55:50,108.69,Entregue
160,35,1,2026-01-17 08:55:50,115.64,Em Rota
161,49,1,2026-02-23 08:55:50,22.35,Cancelado
162,50,9,2026-01-07 08:55:50,106.46,Entregue
163,46,1,2026-02-26 08:55:50,89.67,Cancelado
164,33,3,2026-02-02 08:55:50,-11.22,Cancelado
165,13,9,2026-01-18 08:55:50,45.1,Cancelado
166,39,1,2026-02-18 08:55:50,24.89,Em Rota
167,30,2,2026-02-03 08:55:50,28.02,Cancelado
168,26,1,2026-02-09 08:55:50,135.81,Cancelado
169,5,3,2026-01-22 08:55:50,104.4,Cancelado
170,41,7,2026-02-21 08:55:50,108.65,Entregue
171,41,8,2026-02-05 08:55:50,136.31,Em Rota
172,27,5,2026-01-19 08:55:50,139.78,Entregue
173,20,9,2026-01-13 08:55:50,142.57,Em Rota
174,33,6,2026-01-05 08:55:50,32.28,Entregue
175,13,10,2026-01-06 08:55:50,23.94,Entregue
176,2,2,2026-01-21 08:55:50,145.1,Entregue
177,8,2,2026-02-01 08:55:50,93.75,Entregue
178,9,7,2026-02-20 08:55:50,35.76,Entregue
179,47,1,2026-03-03 08:55:50,-45.39,Em Rota
180,38,3,2026-01-26 08:55:50,133.91,Cancelado
181,32,2,2026-02-02 08:55:50,94.12,Em Rota
182,50,10,2026-01-21 08:55:50,30.36,Em Rota
183,30,2,2026-02-22 08:55:50,84.04,Cancelado
184,7,1,2026-03-03 08:55:50,,Cancelado
185,15,3,2026-02-19 08:55:50,113.78,Em Rota
186,29,1,2026-02-08 08:55:50,121.35,Em Rota
187,5,8,2026-02-15 08:55:50,107.7,Em Rota
188,40,7,2026-03-01 08:55:50,75.76,Entregue
189,45,10,2026-02-24 08:55:50,67.07,Cancelado
190,23,10,2026-02-08 08:55:50,141.87,Entregue
191,40,6,2026-02-02 08:55:50,59.61,Em Rota
192,16,9,2026-02-03 08:55:50,81.95,Em Rota
193,30,1,2026-01-06 08:55:50,26.0,Cancelado
194,40,10,2026-01-08 08:55:50,27.06,Cancelado
195,22,5,2026-02-26 08:55:50,-44.26,Cancelado
196,31,5,2026-01-09 08:55:50,-38.91,Entregue
197,30,1,2026-02-15 08:55:50,60.8,Em Rota
198,11,3,2026-01-28 08:55:50,,Entregue
199,27,1,2026-02-03 08:55:50,138.61,Entregue
200,44,6,2026-03-01 08:55:50,119.99,Em Rota
201,24,7,2026-01-31 08:55:50,132.4,Cancelado
202,37,6,2026-02-13 08:55:50,122.18,Entregue
203,10,9,2026-02-11 08:55:50,,Entregue
204,6,5,2026-02-10 08:55:50,137.48,Entregue
205,28,10,2026-01-28 08:55:50,41.05,Entregue
206,39,10,2026-01-23 08:55:50,96.7,Entregue
207,42,8,2026-01-07 08:55:50,39.74,Cancelado
208,5,6,2026-02-11 08:55:50,,Em Rota
209,33,2,2026-01-14 08:55:50,,Em Rota
210,21,6,2026-01-04 08:55:50,123.59,Entregue
211,14,3,2026-02-09 08:55:50,56.98,Cancelado
212,44,7,2026-01-28 08:55:50,120.35,Cancelado
213,11,5,2026-02-21 08:55:50,64.35,Cancelado
214,7,10,2026-02-06 08:55:50,131.34,Em Rota
215,39,4,2026-01-25 08:55:50,79.06,Entregue
216,24,6,2026-02-21 08:55:50,133.35,Cancelado
217,17,10,2026-02-18 08:55:50,137.44,Cancelado
218,24,7,2026-02-07 08:55:50,20.15,Entregue
219,1,2,2026-01-13 08:55:50,128.41,Cancelado
220,33,8,2026-02-03 08:55:50,83.54,Em Rota
221,42,4,2026-02-23 08:55:50,120.41,Cancelado
222,17,4,2026-01-08 08:55:50,123.01,Entregue
223,15,5,2026-01-20 08:55:50,101.18,Entregue
224,12,10,2026-02-04 08:55:50,36.86,Em Rota
225,15,1,2026-01-18 08:55:50,28.59,Em Rota
226,20,5,2026-01-05 08:55:50,,Entregue
227,33,7,2026-02-17 08:55:50,31.74,Entregue
228,32,4,2026-02-08 08:55:50,16.84,Entregue
229,47,10,2026-01-14 08:55:50,110.03,Cancelado
230,24,4,2026-02-14 08:55:50,84.28,Em Rota
231,13,1,2026-03-02 08:55:50,147.98,Em Rota
232,10,10,2026-03-03 08:55:50,36.16,Entregue
233,39,7,2026-01-28 08:55:50,69.51,Em Rota
234,25,6,2026-03-03 08:55:50,129.66,Em Rota
235,4,7,2026-02-21 08:55:50,118.53,Em Rota
236,26,9,2026-02-07 08:55:50,,Entregue
237,8,3,2026-02-05 08:55:50,19.67,Em Rota
238,16,1,2026-02-01 08:55:50,139.15,Entregue
239,32,9,2026-01-31 08:55:50,42.02,Entregue
240,48,8,2026-01-10 08:55:50,70.91,Entregue
241,39,1,2026-01-06 08:55:50,103.56,Entregue
242,48,6,2026-02-03 08:55:50,49.44,Entregue
243,46,9,2026-01-03 08:55:50,84.28,Entregue
244,6,5,2026-01-12 08:55:50,101.47,Cancelado
245,33,5,2026-02-08 08:55:50,107.23,Entregue
246,41,2,2026-03-03 08:55:50,53.49,Entregue
247,32,9,2026-01-10 08:55:50,108.72,Entregue
248,38,5,2026-02-13 08:55:50,101.36,Cancelado
249,15,8,2026-02-07 08:55:50,123.63,Cancelado
250,11,4,2026-03-01 08:55:50,123.24,Cancelado
251,17,2,2026-02-01 08:55:50,-20.32,Entregue
252,49,5,2026-01-24 08:55:50,82.25,Em Rota
253,26,10,2026-02-06 08:55:50,71.22,Entregue
254,48,6,2026-02-09 08:55:50,137.28,Cancelado
255,10,5,2026-02-21 08:55:50,83.42,Cancelado
256,9,4,2026-02-26 08:55:50,,Cancelado
257,44,6,2026-01-03 08:55:50,135.58,Cancelado
258,28,6,2026-02-21 08:55:50,,Em Rota
259,36,3,2026-02-13 08:55:50,,Cancelado
260,30,8,2026-01-14 08:55:50,,Entregue
261,12,5,2026-01-31 08:55:50,90.97,Cancelado
262,46,5,2026-02-13 08:55:50,60.02,Cancelado
263,3,5,2026-02-19 08:55:50,135.12,Em Rota
264,49,9,2026-01-10 08:55:50,86.84,Em Rota
265,9,6,2026-01-11 08:55:50,-39.74,Entregue
266,37,7,2026-01-22 08:55:50,99.98,Em Rota
267,9,7,2026-02-16 08:55:50,27.6,Entregue
268,30,7,2026-01-26 08:55:50,100.43,Entregue
269,46,9,2026-02-06 08:55:50,137.66,Cancelado
270,13,8,2026-01-31 08:55:50,103.74,Entregue
271,49,6,2026-02-20 08:55:50,41.65,Cancelado
272,11,8,2026-01-08 08:55:50,,Em Rota
273,11,2,2026-02-21 08:55:50,,Em Rota
274,37,8,2026-02-10 08:55:50,128.34,Em Rota
275,33,1,2026-02-24 08:55:50,106.32,Cancelado
276,31,2,2026-02-16 08:55:50,131.58,Entregue
277,45,4,2026-02-17 08:55:50,,Em Rota
278,48,8,2026-02-20 08:55:50,,Em Rota
279,35,10,2026-01-03 08:55:50,117.18,Entregue
280,14,3,2026-02-28 08:55:50,57.73,Entregue
281,36,4,2026-01-24 08:55:50,114.61,Em Rota
282,40,3,2026-03-01 08:55:50,99.46,Entregue
283,24,9,2026-02-22 08:55:50,145.76,Cancelado
284,31,1,2026-02-09 08:55:50,87.54,Entregue
285,22,7,2026-01-29 08:55:50,16.14,Entregue
286,50,10,2026-01-27 08:55:50,64.15,Em Rota
287,38,3,2026-02-19 08:55:50,96.9,Cancelado
288,17,9,2026-02-23 08:55:50,44.98,Em Rota
289,24,2,2026-02-04 08:55:50,119.43,Em Rota
290,12,3,2026-01-08 08:55:50,86.93,Em Rota
291,5,2,2026-02-28 08:55:50,54.17,Cancelado
292,46,3,2026-02-11 08:55:50,109.69,Entregue
293,29,9,2026-03-03 08:55:50,31.38,Entregue
294,15,5,2026-03-02 08:55:50,32.51,Em Rota
295,6,10,2026-02-13 08:55:50,21.43,Entregue
296,7,3,2026-01-02 08:55:50,83.37,Cancelado
297,34,4,2026-01-22 08:55:50,89.07,Em Rota
298,37,5,2026-01-09 08:55:50,,Cancelado
299,17,6,2026-02-23 08:55:50,138.14,Entregue
300,13,6,2026-02-24 08:55:50,138.36,Cancelado
301,49,1,2026-01-04 08:55:50,131.11,Entregue
302,39,7,2026-02-18 08:55:50,45.56,Entregue
303,35,4,2026-02-03 08:55:50,57.61,Em Rota
304,21,7,2026-01-31 08:55:50,76.76,Entregue
305,11,7,2026-01-24 08:55:50,,Entregue
306,13,1,2026-02-23 08:55:50,138.82,Cancelado
307,7,9,2026-02-05 08:55:50,112.1,Cancelado
308,21,7,2026-03-01 08:55:50,111.88,Em Rota
309,50,5,2026-01-20 08:55:50,117.74,Cancelado
310,38,8,2026-02-17 08:55:50,-31.15,Entregue
311,1,5,2026-02-27 08:55:50,77.85,Entregue
312,32,5,2026-01-12 08:55:50,60.95,Entregue
313,9,4,2026-02-14 08:55:50,-48.1,Cancelado
314,41,10,2026-01-12 08:55:50,35.07,Cancelado
315,29,2,2026-01-15 08:55:50,-12.51,Em Rota
316,4,10,2026-01-03 08:55:50,67.75,Em Rota
317,4,7,2026-01-06 08:55:50,107.9,Em Rota
318,2,10,2026-02-20 08:55:50,108.7,Em Rota
319,29,4,2026-02-23 08:55:50,114.76,Em Rota
320,4,5,2026-01-28 08:55:50,22.31,Cancelado
321,10,1,2026-01-20 08:55:50,138.41,Em Rota
322,46,5,2026-03-03 08:55:50,149.28,Entregue
323,34,5,2026-02-16 08:55:50,63.42,Cancelado
324,10,1,2026-02-04 08:55:50,117.17,Entregue
325,5,9,2026-01-23 08:55:50,65.99,Em Rota
326,32,10,2026-01-10 08:55:50,59.04,Cancelado
327,12,1,2026-01-13 08:55:50,74.62,Entregue
328,24,9,2026-01-23 08:55:50,46.22,Em Rota
329,14,6,2026-01-11 08:55:50,89.94,Entregue
330,5,7,2026-02-06 08:55:50,68.85,Em Rota
331,2,2,2026-02-27 08:55:50,101.85,Entregue
332,2,6,2026-02-16 08:55:50,146.97,Cancelado
333,7,3,2026-02-04 08:55:50,90.32,Em Rota
334,1,9,2026-01-13 08:55:50,31.14,Entregue
335,37,10,2026-01-28 08:55:50,16.17,Entregue
336,39,2,2026-01-24 08:55:50,66.3,Entregue
337,46,10,2026-01-14 08:55:50,30.82,Cancelado
338,23,2,2026-03-01 08:55:50,,Cancelado
339,1,1,2026-01-23 08:55:50,97.02,Em Rota
340,25,2,2026-01-08 08:55:50,20.63,Entregue
341,39,4,2026-02-27 08:55:50,111.59,Cancelado
342,21,7,2026-01-26 08:55:50,43.78,Cancelado
343,41,7,2026-02-20 08:55:50,89.62,Entregue
344,3,10,2026-01-09 08:55:50,73.44,Cancelado
345,12,2,2026-01-04 08:55:50,81.3,Cancelado
346,48,2,2026-02-28 08:55:50,106.34,Cancelado
347,28,9,2026-01-22 08:55:50,81.97,Cancelado
348,47,6,2026-01-17 08:55:50,80.11,Em Rota
349,29,2,2026-02-15 08:55:50,,Em Rota
350,49,4,2026-02-16 08:55:50,29.8,Em Rota
351,9,1,2026-01-06 08:55:50,86.87,Cancelado
352,33,10,2026-02-25 08:55:50,108.5,Entregue
353,21,2,2026-02-09 08:55:50,110.31,Cancelado
354,50,8,2026-02-15 08:55:50,65.94,Cancelado
355,4,4,2026-01-10 08:55:50,106.21,Entregue
356,20,2,2026-01-22 08:55:50,79.64,Em Rota
357,32,3,2026-01-10 08:55:50,48.17,Entregue
358,28,2,2026-02-14 08:55:50,116.13,Cancelado
359,5,7,2026-02-10 08:55:50,127.58,Entregue
360,40,6,2026-02-18 08:55:50,,Cancelado
361,18,4,2026-02-02 08:55:50,61.97,Cancelado
362,26,1,2026-02-26 08:55:50,87.43,Entregue
363,20,9,2026-01-16 08:55:50,78.62,Cancelado
364,28,8,2026-01-17 08:55:50,55.47,Cancelado
365,12,3,2026-02-13 08:55:50,148.4,Em Rota
366,44,5,2026-01-10 08:55:50,-28.04,Cancelado
367,47,6,2026-01-26 08:55:50,107.6,Cancelado
368,12,9,2026-01-10 08:55:50,97.9,Cancelado
369,11,7,2026-01-07 08:55:50,59.43,Entregue
370,34,10,2026-01-13 08:55:50,125.12,Em Rota
371,14,8,2026-01-04 08:55:50,,Cancelado
372,50,4,2026-02-25 08:55:50,124.68,Entregue
373,41,7,2026-02-15 08:55:50,25.84,Cancelado
374,29,9,2026-01-05 08:55:50,107.47,Em Rota
375,34,3,2026-01-26 08:55:50,63.04,Cancelado
376,26,5,2026-02-07 08:55:50,129.53,Entregue
377,23,10,2026-03-03 08:55:50,136.48,Em Rota
378,29,5,2026-02-20 08:55:50,-22.18,Entregue
379,41,4,2026-01-22 08:55:50,122.93,Cancelado
380,19,5,2026-01-16 08:55:50,129.89,Cancelado
381,29,4,2026-01-09 08:55:50,98.33,Entregue
382,16,2,2026-02-21 08:55:50,40.39,Entregue
383,44,4,2026-02-10 08:55:50,84.22,Em Rota
384,40,1,2026-02-18 08:55:50,86.68,Cancelado
385,6,5,2026-01-05 08:55:50,114.85,Cancelado
386,39,7,2026-01-09 08:55:50,79.13,Em Rota
387,30,2,2026-02-06 08:55:50,102.85,Em Rota
388,19,6,2026-02-18 08:55:50,130.15,Em Rota
389,11,2,2026-02-07 08:55:50,-38.64,Em Rota
390,8,7,2026-02-18 08:55:50,54.36,Cancelado
391,41,1,2026-01-31 08:55:50,138.19,Entregue
392,3,9,2026-01-29 08:55:50,93.63,Entregue
393,32,2,2026-01-09 08:55:50,136.89,Em Rota
394,3,3,2026-02-13 08:55:50,-48.85,Cancelado
395,6,8,2026-01-02 08:55:50,102.9,Em Rota
396,5,4,2026-01-22 08:55:50,107.88,Cancelado
397,11,2,2026-01-27 08:55:50,21.22,Cancelado
398,14,7,2026-02-18 08:55:50,76.26,Cancelado
399,40,3,2026-01-15 08:55:50,141.92,Entregue
400,37,6,2026-01-31 08:55:50,80.02,Entregue
401,3,2,2026-02-07 08:55:50,45.32,Entregue
402,29,7,2026-01-06 08:55:50,52.14,Entregue
403,1,6,2026-01-24 08:55:50,72.8,Entregue
404,46,1,2026-01-17 08:55:50,42.27,Entregue
405,14,9,2026-01-07 08:55:50,70.13,Cancelado
406,12,7,2026-03-01 08:55:50,,Em Rota
407,15,10,2026-01-25 08:55:50,112.71,Em Rota
408,45,8,2026-02-03 08:55:50,33.38,Em Rota
409,1,5,2026-02-25 08:55:50,124.07,Cancelado
410,39,3,2026-01-06 08:55:50,17.34,Em Rota
411,18,2,2026-02-16 08:55:50,123.04,Em Rota
412,1,4,2026-02-06 08:55:50,15.61,Em Rota
413,18,2,2026-02-19 08:55:50,92.31,Entregue
414,36,6,2026-01-25 08:55:50,143.04,Entregue
415,12,10,2026-01-17 08:55:50,130.57,Entregue
416,21,10,2026-03-03 08:55:50,122.94,Entregue
417,13,9,2026-02-06 08:55:50,26.41,Em Rota
418,41,4,2026-01-17 08:55:50,124.73,Entregue
419,46,7,2026-03-01 08:55:50,31.71,Em Rota
420,18,6,2026-01-04 08:55:50,-43.3,Em Rota
421,48,5,2026-01-09 08:55:50,96.78,Cancelado
422,46,7,2026-01-17 08:55:50,16.46,Em Rota
423,45,4,2026-02-25 08:55:50,147.72,Cancelado
424,22,4,2026-01-26 08:55:50,,Entregue
425,17,7,2026-02-25 08:55:50,20.79,Entregue
426,21,1,2026-01-20 08:55:50,65.09,Em Rota
427,25,2,2026-02-05 08:55:50,71.88,Cancelado
428,36,2,2026-01-05 08:55:50,29.68,Em Rota
429,45,6,2026-02-01 08:55:50,64.56,Cancelado
430,8,8,2026-02-24 08:55:50,79.26,Cancelado
431,37,9,2026-02-05 08:55:50,103.68,Cancelado
432,18,4,2026-02-04 08:55:50,26.61,Em Rota
433,26,4,2026-01-14 08:55:50,81.77,Cancelado
434,17,7,2026-01-18 08:55:50,58.13,Cancelado
435,29,5,2026-01-20 08:55:50,-38.06,Em Rota
436,14,2,2026-02-03 08:55:50,134.86,Cancelado
437,21,10,2026-02-21 08:55:50,33.15,Em Rota
438,6,2,2026-02-20 08:55:50,31.98,Em Rota
439,32,3,2026-02-27 08:55:50,132.33,Entregue
440,2,7,2026-01-13 08:55:50,129.0,Em Rota
441,45,6,2026-02-01 08:55:50,140.46,Cancelado
442,7,1,2026-02-18 08:55:50,,Entregue
443,17,2,2026-01-12 08:55:50,97.95,Em Rota
444,43,1,2026-01-02 08:55:50,-36.37,Cancelado
445,15,3,2026-02-27 08:55:50,55.94,Entregue
446,2,9,2026-01-12 08:55:50,109.52,Em Rota
447,40,2,2026-01-24 08:55:50,93.65,Cancelado
448,8,5,2026-02-03 08:55:50,96.21,Em Rota
449,34,5,2026-02-08 08:55:50,96.78,Cancelado
450,2,8,2026-02-14 08:55:50,107.8,Cancelado
451,9,1,2026-02-05 08:55:50,66.32,Cancelado
452,27,8,2026-01-08 08:55:50,70.32,Em Rota
453,23,4,2026-01-08 08:55:50,50.64,Em Rota
454,50,10,2026-02-27 08:55:50,140.57,Em Rota
455,38,5,2026-01-02 08:55:50,-23.28,Em Rota
456,9,8,2026-02-02 08:55:50,127.9,Cancelado
457,5,8,2026-01-07 08:55:50,44.76,Cancelado
458,32,8,2026-01-23 08:55:50,52.08,Em Rota
459,47,5,2026-01-28 08:55:50,111.3,Em Rota
460,1,6,2026-02-02 08:55:50,-28.8,Entregue
461,2,10,2026-01-12 08:55:50,38.23,Em Rota
462,44,5,2026-01-07 08:55:50,15.58,Em Rota
463,27,3,2026-02-14 08:55:50,19.59,Entregue
464,42,2,2026-01-30 08:55:50,108.13,Em Rota
465,34,5,2026-02-17 08:55:50,,Em Rota
466,9,2,2026-01-13 08:55:50,-34.09,Cancelado
467,10,10,2026-02-03 08:55:50,,Em Rota
468,9,4,2026-01-11 08:55:50,-39.97,Entregue
469,23,2,2026-01-29 08:55:50,38.78,Em Rota
470,28,4,2026-02-12 08:55:50,83.98,Cancelado
471,40,2,2026-01-20 08:55:50,16.35,Cancelado
472,23,1,2026-02-12 08:55:50,121.52,Em Rota
473,11,7,2026-02-08 08:55:50,106.65,Em Rota
474,23,9,2026-01-08 08:55:50,-22.46,Em Rota
475,19,2,2026-02-20 08:55:50,68.92,Em Rota
476,34,10,2026-02-14 08:55:50,59.55,Cancelado
477,49,6,2026-02-14 08:55:50,97.95,Em Rota
478,35,3,2026-02-23 08:55:50,146.66,Entregue
479,38,10,2026-02-03 08:55:50,81.83,Em Rota
480,39,10,2026-02-21 08:55:50,60.82,Cancelado
481,35,5,2026-02-03 08:55:50,35.73,Cancelado
482,42,2,2026-01-22 08:55:50,57.77,Cancelado
483,39,1,2026-01-15 08:55:50,47.05,Entregue
484,36,8,2026-02-27 08:55:50,25.3,Cancelado
485,40,9,2026-02-07 08:55:50,31.44,Em Rota
486,35,6,2026-02-28 08:55:50,-30.36,Cancelado
487,6,2,2026-01-19 08:55:50,-34.5,Entregue
488,27,6,2026-02-19 08:55:50,47.96,Entregue
489,17,4,2026-02-25 08:55:50,79.04,Entregue
490,21,4,2026-02-27 08:55:50,37.39,Entregue
491,41,5,2026-01-23 08:55:50,31.02,Cancelado
492,5,1,2026-02-09 08:55:50,88.51,Cancelado
493,23,1,2026-01-20 08:55:50,141.44,Cancelado
494,9,4,2026-01-17 08:55:50,32.13,Em Rota
495,48,10,2026-02-22 08:55:50,89.29,Entregue
496,3,2,2026-01-30 08:55:50,73.17,Em Rota
497,40,2,2026-01-04 08:55:50,75.46,Cancelado
498,21,5,2026-01-09 08:55:50,110.58,Entregue
499,4,9,2026-01-30 08:55:50,-17.55,Cancelado
500,20,2,2026-01-13 08:55:50,121.05,Entregue
501,12,5,2026-01-13 08:55:50,96.42,Em Rota
502,18,10,2026-01-19 08:55:50,57.24,Em Rota
503,36,2,2026-02-07 08:55:50,44.62,Cancelado
504,13,1,2026-01-07 08:55:50,34.86,Em Rota
505,31,5,2026-02-05 08:55:50,110.21,Em Rota
506,33,5,2026-01-22 08:55:50,135.18,Em Rota
507,4,3,2026-02-05 08:55:50,56.81,Cancelado
508,20,6,2026-02-11 08:55:50,122.18,Entregue
509,50,6,2026-02-15 08:55:50,57.96,Entregue
510,8,8,2026-01-18 08:55:50,134.78,Cancelado
511,31,2,2026-02-14 08:55:50,89.43,Em Rota
512,44,9,2026-01-21 08:55:50,,Em Rota
513,9,3,2026-02-03 08:55:50,-33.2,Em Rota
514,8,3,2026-01-04 08:55:50,,Cancelado
515,36,5,2026-01-24 08:55:50,115.27,Em Rota
516,13,10,2026-02-23 08:55:50,58.04,Cancelado
517,3,10,2026-02-03 08:55:50,142.89,Cancelado
518,23,8,2026-02-01 08:55:50,63.63,Em Rota
519,20,8,2026-01-05 08:55:50,118.4,Cancelado
520,34,9,2026-02-20 08:55:50,85.78,Cancelado
521,21,6,2026-02-16 08:55:50,116.0,Cancelado
522,44,2,2026-02-16 08:55:50,98.82,Em Rota
523,14,1,2026-02-12 08:55:50,-35.4,Entregue
524,31,1,2026-02-16 08:55:50,73.85,Entregue
525,32,5,2026-03-03 08:55:50,147.42,Entregue
526,44,6,2026-01-11 08:55:50,-14.79,Entregue
527,24,3,2026-01-04 08:55:50,68.47,Entregue
528,2,3,2026-01-29 08:55:50,148.22,Entregue
529,16,10,2026-01-31 08:55:50,-15.83,Em Rota
530,30,7,2026-01-17 08:55:50,114.4,Em Rota
531,39,4,2026-02-02 08:55:50,121.99,Em Rota
532,21,9,2026-02-03 08:55:50,117.16,Em Rota
533,30,4,2026-02-03 08:55:50,109.11,Em Rota
534,16,10,2026-02-15 08:55:50,78.19,Em Rota
535,36,9,2026-02-04 08:55:50,39.06,Entregue
536,45,5,2026-02-24 08:55:50,,Cancelado
537,41,10,2026-01-22 08:55:50,123.08,Em Rota
538,34,1,2026-03-01 08:55:50,89.79,Cancelado
539,33,8,2026-01-16 08:55:50,89.64,Cancelado
540,21,4,2026-01-25 08:55:50,61.71,Em Rota
541,32,7,2026-02-08 08:55:50,-5.84,Cancelado
542,16,7,2026-02-21 08:55:50,105.39,Entregue
543,25,6,2026-01-13 08:55:50,75.46,Entregue
544,27,3,2026-01-02 08:55:50,91.36,Entregue
545,22,8,2026-03-01 08:55:50,16.41,Em Rota
546,6,2,2026-02-05 08:55:50,63.46,Em Rota
547,47,8,2026-01-27 08:55:50,111.82,Entregue
548,19,4,2026-01-17 08:55:50,133.48,Entregue
549,44,4,2026-01-25 08:55:50,135.79,Em Rota
550,14,10,2026-01-24 08:55:50,,Entregue
551,20,7,2026-02-11 08:55:50,121.96,Em Rota
552,22,4,2026-01-02 08:55:50,132.16,Em Rota
553,49,4,2026-01-16 08:55:50,63.44,Em Rota
554,49,2,2026-01-18 08:55:50,127.71,Em Rota
555,25,2,2026-03-02 08:55:50,,Em Rota
556,31,10,2026-02-02 08:55:50,-44.55,Entregue
557,36,10,2026-02-05 08:55:50,103.83,Entregue
558,28,4,2026-02-19 08:55:50,59.79,Cancelado
559,4,1,2026-02-11 08:55:50,-8.97,Cancelado
560,27,5,2026-02-07 08:55:50,59.32,Em Rota
561,9,7,2026-01-25 08:55:50,105.98,Em Rota
562,34,3,2026-01-20 08:55:50,40.22,Em Rota
563,37,7,2026-02-05 08:55:50,129.98,Em Rota
564,34,5,2026-02-24 08:55:50,99.65,Entregue
565,36,2,2026-02-01 08:55:50,102.28,Entregue
566,45,8,2026-02-26 08:55:50,134.72,Em Rota
567,35,6,2026-01-28 08:55:50,,Entregue
568,9,1,2026-01-12 08:55:50,118.65,Em Rota
569,29,4,2026-02-09 08:55:50,34.14,Em Rota
570,27,7,2026-02-03 08:55:50,132.79,Cancelado
571,49,2,2026-02-07 08:55:50,42.46,Cancelado
572,31,3,2026-01-05 08:55:50,25.3,Entregue
573,9,3,2026-01-02 08:55:50,65.14,Entregue
574,38,8,2026-01-21 08:55:50,45.26,Em Rota
575,27,9,2026-02-21 08:55:50,,Entregue
576,35,4,2026-01-13 08:55:50,138.44,Cancelado
577,4,5,2026-03-02 08:55:50,102.9,Entregue
578,45,5,2026-02-04 08:55:50,60.76,Cancelado
579,25,9,2026-01-28 08:55:50,49.42,Entregue
580,8,6,2026-02-06 08:55:50,67.89,Entregue
581,31,8,2026-02-25 08:55:50,50.3,Em Rota
582,4,9,2026-01-09 08:55:50,31.49,Em Rota
583,38,7,2026-01-06 08:55:50,61.69,Entregue
584,7,7,2026-01-04 08:55:50,58.83,Em Rota
585,25,8,2026-01-03 08:55:50,51.91,Entregue
586,3,5,2026-01-24 08:55:50,61.36,Em Rota
587,34,10,2026-02-13 08:55:50,80.05,Em Rota
588,13,2,2026-02-02 08:55:50,111.01,Cancelado
589,33,8,2026-03-01 08:55:50,75.74,Entregue
590,8,7,2026-01-14 08:55:50,90.34,Entregue
591,40,9,2026-01-13 08:55:50,38.47,Em Rota
592,30,3,2026-02-01 08:55:50,,Cancelado
593,19,6,2026-01-14 08:55:50,78.41,Em Rota
594,27,6,2026-02-02 08:55:50,134.11,Entregue
595,24,5,2026-02-13 08:55:50,-10.01,Entregue
596,50,1,2026-03-01 08:55:50,53.89,Em Rota
597,28,6,2026-02-21 08:55:50,,Entregue
598,35,9,2026-01-06 08:55:50,139.25,Cancelado
599,21,6,2026-02-21 08:55:50,-6.35,Entregue
600,50,3,2026-02-15 08:55:50,99.08,Em Rota
601,41,10,2026-02-05 08:55:50,146.43,Cancelado
602,48,4,2026-02-20 08:55:50,146.91,Em Rota
603,44,9,2026-01-08 08:55:50,103.64,Cancelado
604,19,9,2026-03-02 08:55:50,84.08,Cancelado
605,33,6,2026-01-06 08:55:50,110.97,Em Rota
606,42,9,2026-01-11 08:55:50,112.76,Em Rota
607,17,3,2026-02-11 08:55:50,128.6,Cancelado
608,34,1,2026-02-27 08:55:50,76.39,Cancelado
609,30,3,2026-03-01 08:55:50,95.14,Entregue
610,11,9,2026-02-24 08:55:50,144.21,Cancelado
611,5,1,2026-01-03 08:55:50,47.33,Entregue
612,2,8,2026-01-06 08:55:50,140.17,Entregue
613,3,5,2026-02-14 08:55:50,17.84,Cancelado
614,29,6,2026-01-26 08:55:50,49.75,Entregue
615,8,1,2026-02-13 08:55:50,107.74,Em Rota
616,50,4,2026-02-27 08:55:50,56.44,Cancelado
617,42,7,2026-01-16 08:55:50,-20.05,Em Rota
618,47,3,2026-03-03 08:55:50,50.31,Cancelado
619,50,6,2026-02-25 08:55:50,-44.38,Em Rota
620,46,2,2026-02-13 08:55:50,140.2,Cancelado
621,40,9,2026-01-11 08:55:50,48.71,Em Rota
622,8,5,2026-01-22 08:55:50,88.68,Cancelado
623,5,1,2026-01-29 08:55:50,111.64,Em Rota
624,30,7,2026-01-21 08:55:50,27.21,Entregue
625,34,9,2026-01-08 08:55:50,23.38,Em Rota
626,32,3,2026-01-22 08:55:50,34.65,Entregue
627,34,2,2026-01-28 08:55:50,32.74,Em Rota
628,38,7,2026-02-28 08:55:50,125.14,Em Rota
629,24,1,2026-02-03 08:55:50,53.07,Entregue
630,37,7,2026-02-01 08:55:50,44.11,Cancelado
631,7,6,2026-02-18 08:55:50,133.47,Em Rota
632,34,9,2026-02-08 08:55:50,51.43,Entregue
633,6,4,2026-02-03 08:55:50,111.6,Entregue
634,19,1,2026-01-11 08:55:50,112.15,Entregue
635,48,1,2026-01-20 08:55:50,89.15,Em Rota
636,25,1,2026-01-22 08:55:50,41.79,Em Rota
637,28,5,2026-02-27 08:55:50,37.06,Em Rota
638,33,7,2026-01-04 08:55:50,84.21,Cancelado
639,14,6,2026-02-12 08:55:50,128.01,Cancelado
640,12,5,2026-01-22 08:55:50,124.26,Entregue
641,40,3,2026-02-09 08:55:50,65.43,Em Rota
642,33,9,2026-02-17 08:55:50,75.05,Em Rota
643,15,2,2026-01-03 08:55:50,,Cancelado
644,32,8,2026-02-20 08:55:50,32.12,Cancelado
645,2,4,2026-01-23 08:55:50,119.69,Em Rota
646,39,6,2026-01-08 08:55:50,52.79,Cancelado
647,44,10,2026-01-14 08:55:50,,Cancelado
648,48,10,2026-01-21 08:55:50,75.89,Em Rota
649,24,7,2026-01-06 08:55:50,78.76,Em Rota
650,19,8,2026-03-01 08:55:50,40.83,Em Rota
651,1,6,2026-03-02 08:55:50,68.73,Cancelado
652,45,4,2026-01-06 08:55:50,,Cancelado
653,17,9,2026-02-09 08:55:50,71.9,Em Rota
654,4,4,2026-02-22 08:55:50,100.57,Em Rota
655,28,5,2026-01-16 08:55:50,133.74,Entregue
656,16,6,2026-02-20 08:55:50,145.02,Cancelado
657,45,4,2026-02-14 08:55:50,72.09,Cancelado
658,11,10,2026-01-31 08:55:50,119.18,Cancelado
659,33,7,2026-02-13 08:55:50,147.23,Em Rota
660,21,3,2026-01-27 08:55:50,62.63,Entregue
661,3,10,2026-02-28 08:55:50,15.7,Entregue
662,32,10,2026-02-02 08:55:50,,Entregue
663,23,1,2026-01-14 08:55:50,121.09,Em Rota
664,5,6,2026-01-18 08:55:50,92.87,Cancelado
665,18,4,2026-02-10 08:55:50,55.22,Entregue
666,48,8,2026-02-19 08:55:50,92.81,Em Rota
667,45,10,2026-02-18 08:55:50,91.97,Entregue
668,43,5,2026-01-09 08:55:50,126.58,Em Rota
669,4,4,2026-01-22 08:55:50,52.43,Cancelado
670,50,6,2026-03-03 08:55:50,17.27,Em Rota
671,20,3,2026-02-02 08:55:50,126.06,Em Rota
672,34,10,2026-02-01 08:55:50,99.97,Cancelado
673,26,8,2026-02-06 08:55:50,,Em Rota
674,12,6,2026-02-07 08:55:50,111.32,Cancelado
675,29,2,2026-01-18 08:55:50,108.76,Entregue
676,9,3,2026-01-02 08:55:50,55.75,Entregue
677,13,3,2026-01-17 08:55:50,74.68,Em Rota
678,26,4,2026-03-01 08:55:50,108.77,Entregue
679,34,10,2026-02-25 08:55:50,-40.9,Cancelado
680,25,10,2026-02-14 08:55:50,88.5,Entregue
681,46,2,2026-02-28 08:55:50,34.75,Entregue
682,19,3,2026-01-28 08:55:50,57.66,Em Rota
683,15,9,2026-02-05 08:55:50,146.09,Cancelado
684,45,2,2026-01-18 08:55:50,,Em Rota
685,17,1,2026-01-23 08:55:50,86.2,Em Rota
686,6,1,2026-02-14 08:55:50,22.25,Em Rota
687,3,7,2026-03-01 08:55:50,115.95,Em Rota
688,19,9,2026-02-19 08:55:50,50.07,Entregue
689,50,10,2026-02-07 08:55:50,53.69,Entregue
690,44,3,2026-02-11 08:55:50,121.13,Entregue
691,35,2,2026-03-02 08:55:50,66.89,Entregue
692,41,7,2026-02-18 08:55:50,,Em Rota
693,38,3,2026-03-03 08:55:50,57.94,Em Rota
694,29,10,2026-01-15 08:55:50,67.56,Cancelado
695,47,4,2026-01-24 08:55:50,-36.18,Em Rota
696,2,1,2026-01-05 08:55:50,23.14,Em Rota
697,38,10,2026-01-25 08:55:50,130.17,Entregue
698,19,2,2026-01-14 08:55:50,41.52,Em Rota
699,33,6,2026-01-08 08:55:50,81.87,Em Rota
700,18,1,2026-02-28 08:55:50,110.35,Em Rota
701,48,1,2026-01-12 08:55:50,143.12,Cancelado
702,49,10,2026-01-29 08:55:50,138.51,Cancelado
703,33,2,2026-02-02 08:55:50,83.53,Em Rota
704,32,4,2026-02-09 08:55:50,76.16,Em Rota
705,29,9,2026-01-09 08:55:50,109.84,Em Rota
706,24,7,2026-01-25 08:55:50,118.92,Em Rota
707,12,6,2026-02-01 08:55:50,38.95,Cancelado
708,2,6,2026-01-08 08:55:50,129.8,Cancelado
709,49,9,2026-01-04 08:55:50,116.52,Em Rota
710,36,5,2026-01-22 08:55:50,43.85,Entregue
711,42,4,2026-02-02 08:55:50,-42.35,Em Rota
712,2,9,2026-02-13 08:55:50,-29.64,Cancelado
713,19,3,2026-01-14 08:55:50,70.93,Cancelado
714,10,7,2026-02-22 08:55:50,106.75,Cancelado
715,3,9,2026-01-21 08:55:50,,Entregue
716,42,6,2026-01-14 08:55:50,149.46,Cancelado
717,9,8,2026-01-04 08:55:50,,Cancelado
718,32,3,2026-02-10 08:55:50,121.38,Entregue
719,31,5,2026-02-15 08:55:50,137.69,Cancelado
720,50,9,2026-02-02 08:55:50,-9.23,Em Rota
721,26,8,2026-01-12 08:55:50,149.76,Entregue
722,19,5,2026-02-16 08:55:50,45.11,Cancelado
723,33,8,2026-02-04 08:55:50,64.88,Entregue
724,20,7,2026-02-23 08:55:50,93.67,Cancelado
725,35,8,2026-01-16 08:55:50,50.86,Cancelado
726,31,5,2026-02-19 08:55:50,146.4,Cancelado
727,39,2,2026-01-21 08:55:50,25.92,Cancelado
728,34,3,2026-01-10 08:55:50,149.17,Cancelado
729,41,5,2026-01-14 08:55:50,-10.62,Em Rota
730,40,2,2026-02-27 08:55:50,142.65,Entregue
731,6,9,2026-01-16 08:55:50,119.56,Cancelado
732,48,7,2026-02-12 08:55:50,68.23,Em Rota
733,39,4,2026-02-03 08:55:50,141.29,Em Rota
734,45,9,2026-01-31 08:55:50,30.5,Cancelado
735,12,8,2026-02-06 08:55:50,128.04,Cancelado
736,6,1,2026-02-05 08:55:50,50.24,Entregue
737,6,5,2026-01-22 08:55:50,19.78,Entregue
738,40,3,2026-02-20 08:55:50,43.67,Em Rota
739,36,7,2026-02-04 08:55:50,147.77,Cancelado
740,25,1,2026-02-07 08:55:50,98.74,Entregue
741,6,7,2026-02-28 08:55:50,36.38,Cancelado
742,23,2,2026-01-27 08:55:50,108.63,Em Rota
743,20,4,2026-01-08 08:55:50,32.15,Entregue
744,36,8,2026-02-14 08:55:50,-47.96,Em Rota
745,29,2,2026-01-16 08:55:50,146.14,Cancelado
746,2,5,2026-02-17 08:55:50,17.06,Em Rota
747,2,6,2026-03-03 08:55:50,87.92,Cancelado
748,41,8,2026-01-12 08:55:50,30.84,Entregue
749,9,6,2026-01-26 08:55:50,124.53,Em Rota
750,30,5,2026-01-07 08:55:50,132.27,Entregue
751,9,1,2026-02-15 08:55:50,104.22,Cancelado
752,10,9,2026-01-08 08:55:50,70.47,Entregue
753,39,7,2026-02-08 08:55:50,146.87,Cancelado
754,20,4,2026-02-27 08:55:50,62.94,Entregue
755,29,2,2026-02-18 08:55:50,86.81,Entregue
756,45,1,2026-02-21 08:55:50,23.88,Cancelado
757,3,7,2026-01-03 08:55:50,132.02,Cancelado
758,3,10,2026-01-30 08:55:50,88.27,Entregue
759,24,2,2026-01-04 08:55:50,53.59,Em Rota
760,41,10,2026-01-07 08:55:50,92.96,Em Rota
761,33,3,2026-01-26 08:55:50,102.88,Cancelado
762,8,5,2026-02-16 08:55:50,100.65,Cancelado
763,36,1,2026-01-28 08:55:50,108.21,Entregue
764,46,10,2026-02-18 08:55:50,79.12,Entregue
765,33,3,2026-01-18 08:55:50,28.05,Cancelado
766,44,4,2026-01-08 08:55:50,106.8,Entregue
767,18,7,2026-02-06 08:55:50,91.32,Entregue
768,32,5,2026-01-29 08:55:50,47.29,Em Rota
769,19,3,2026-01-03 08:55:50,34.16,Cancelado
770,25,7,2026-01-31 08:55:50,108.44,Entregue
771,1,3,2026-02-11 08:55:50,117.73,Entregue
772,45,7,2026-01-19 08:55:50,113.03,Em Rota
773,29,4,2026-01-18 08:55:50,47.39,Cancelado
774,13,9,2026-01-23 08:55:50,126.12,Em Rota
775,10,9,2026-02-28 08:55:50,149.16,Entregue
776,4,7,2026-01-31 08:55:50,110.61,Cancelado
777,20,7,2026-01-31 08:55:50,66.45,Em Rota
778,38,9,2026-01-11 08:55:50,-47.38,Entregue
779,20,4,2026-02-13 08:55:50,82.09,Cancelado
780,26,1,2026-01-28 08:55:50,,Cancelado
781,48,7,2026-03-01 08:55:50,95.97,Entregue
782,11,9,2026-01-17 08:55:50,48.04,Em Rota
783,44,9,2026-02-10 08:55:50,127.08,Cancelado
784,17,5,2026-02-18 08:55:50,,Cancelado
785,23,1,2026-01-08 08:55:50,51.1,Entregue
786,28,10,2026-02-24 08:55:50,118.09,Entregue
787,43,7,2026-02-22 08:55:50,108.36,Cancelado
788,22,9,2026-02-20 08:55:50,49.85,Cancelado
789,39,3,2026-01-17 08:55:50,53.63,Entregue
790,27,8,2026-01-19 08:55:50,53.25,Entregue
791,33,1,2026-02-16 08:55:50,44.2,Em Rota
792,1,3,2026-02-09 08:55:50,33.26,Em Rota
793,13,4,2026-02-14 08:55:50,-11.02,Cancelado
794,33,8,2026-01-17 08:55:50,77.47,Entregue
795,46,7,2026-01-28 08:55:50,56.44,Cancelado
796,4,7,2026-02-10 08:55:50,40.94,Em Rota
797,6,4,2026-01-20 08:55:50,29.86,Entregue
798,7,3,2026-03-03 08:55:50,103.53,Cancelado
799,11,5,2026-02-12 08:55:50,73.7,Cancelado
800,25,9,2026-03-03 08:55:50,75.6,Entregue
801,25,5,2026-01-19 08:55:50,128.4,Cancelado
802,47,6,2026-02-17 08:55:50,99.82,Cancelado
803,28,1,2026-01-06 08:55:50,57.33,Cancelado
804,29,9,2026-02-26 08:55:50,127.74,Entregue
805,48,8,2026-01-31 08:55:50,84.8,Entregue
806,12,10,2026-01-11 08:55:50,57.52,Entregue
807,11,4,2026-03-03 08:55:50,105.2,Entregue
808,7,6,2026-02-18 08:55:50,58.75,Em Rota
809,21,1,2026-02-16 08:55:50,46.48,Entregue
810,43,3,2026-01-11 08:55:50,28.68,Cancelado
811,49,4,2026-01-04 08:55:50,67.43,Entregue
812,39,7,2026-02-13 08:55:50,16.44,Em Rota
813,2,6,2026-01-29 08:55:50,78.91,Entregue
814,10,9,2026-03-03 08:55:50,97.63,Entregue
815,23,1,2026-01-08 08:55:50,110.02,Cancelado
816,5,1,2026-02-13 08:55:50,64.84,Em Rota
817,49,3,2026-02-10 08:55:50,149.96,Cancelado
818,35,9,2026-01-04 08:55:50,121.58,Em Rota
819,3,2,2026-01-25 08:55:50,82.68,Cancelado
820,24,2,2026-01-25 08:55:50,76.36,Cancelado
821,47,3,2026-01-04 08:55:50,20.88,Em Rota
822,35,9,2026-01-24 08:55:50,35.04,Entregue
823,18,4,2026-01-12 08:55:50,79.06,Cancelado
824,33,8,2026-01-08 08:55:50,-14.32,Em Rota
825,26,7,2026-02-18 08:55:50,,Entregue
826,4,3,2026-01-13 08:55:50,28.99,Entregue
827,43,5,2026-01-17 08:55:50,90.54,Cancelado
828,19,4,2026-01-05 08:55:50,22.77,Cancelado
829,25,3,2026-02-10 08:55:50,75.93,Cancelado
830,20,9,2026-01-12 08:55:50,105.28,Entregue
831,47,7,2026-01-08 08:55:50,77.38,Cancelado
832,45,6,2026-02-08 08:55:50,61.59,Cancelado
833,13,1,2026-01-30 08:55:50,18.99,Cancelado
834,28,4,2026-02-16 08:55:50,16.95,Entregue
835,25,9,2026-01-28 08:55:50,56.45,Entregue
836,4,2,2026-01-12 08:55:50,58.35,Em Rota
837,28,9,2026-01-30 08:55:50,131.37,Entregue
838,26,7,2026-03-03 08:55:50,147.74,Entregue
839,18,1,2026-01-30 08:55:50,140.39,Em Rota
840,25,4,2026-01-26 08:55:50,61.45,Em Rota
841,41,9,2026-02-07 08:55:50,45.29,Em Rota
842,9,6,2026-01-26 08:55:50,,Cancelado
843,36,6,2026-01-11 08:55:50,-35.52,Em Rota
844,45,8,2026-01-03 08:55:50,103.13,Cancelado
845,28,2,2026-01-15 08:55:50,134.69,Entregue
846,25,2,2026-02-28 08:55:50,,Cancelado
847,9,2,2026-02-06 08:55:50,118.09,Em Rota
848,30,7,2026-03-01 08:55:50,92.77,Entregue
849,17,1,2026-02-19 08:55:50,28.81,Em Rota
850,1,5,2026-01-25 08:55:50,128.29,Em Rota
851,8,5,2026-01-28 08:55:50,49.97,Cancelado
852,45,4,2026-01-24 08:55:50,95.57,Entregue
853,49,9,2026-02-25 08:55:50,73.49,Entregue
854,7,7,2026-02-01 08:55:50,109.01,Cancelado
855,6,9,2026-01-27 08:55:50,134.92,Em Rota
856,40,5,2026-02-01 08:55:50,51.75,Cancelado
857,14,1,2026-02-20 08:55:50,23.57,Entregue
858,23,6,2026-01-09 08:55:50,95.8,Em Rota
859,3,10,2026-01-10 08:55:50,72.51,Em Rota
860,26,6,2026-01-31 08:55:50,126.86,Cancelado
861,9,3,2026-01-25 08:55:50,-48.52,Em Rota
862,32,6,2026-01-12 08:55:50,33.32,Cancelado
863,28,3,2026-01-12 08:55:50,69.86,Entregue
864,49,4,2026-01-18 08:55:50,134.97,Cancelado
865,40,8,2026-02-06 08:55:50,74.83,Em Rota
866,3,3,2026-01-03 08:55:50,65.9,Cancelado
867,1,3,2026-01-23 08:55:50,24.38,Cancelado
868,19,9,2026-03-02 08:55:50,141.0,Em Rota
869,1,8,2026-01-02 08:55:50,107.36,Cancelado
870,9,5,2026-02-02 08:55:50,127.25,Em Rota
871,22,7,2026-01-19 08:55:50,109.43,Entregue
872,31,3,2026-02-01 08:55:50,76.88,Cancelado
873,33,6,2026-01-27 08:55:50,53.35,Em Rota
874,50,9,2026-01-19 08:55:50,97.17,Entregue
875,35,3,2026-02-04 08:55:50,107.46,Entregue
876,50,8,2026-01-09 08:55:50,56.64,Cancelado
877,32,6,2026-02-13 08:55:50,41.64,Cancelado
878,41,3,2026-01-26 08:55:50,143.42,Cancelado
879,40,1,2026-02-11 08:55:50,37.06,Cancelado
880,14,8,2026-02-24 08:55:50,69.84,Cancelado
881,21,7,2026-01-08 08:55:50,66.33,Em Rota
882,13,5,2026-01-09 08:55:50,45.91,Cancelado
883,39,6,2026-01-21 08:55:50,51.02,Cancelado
884,49,2,2026-02-06 08:55:50,148.25,Cancelado
885,9,4,2026-01-02 08:55:50,42.87,Em Rota
886,50,7,2026-02-09 08:55:50,19.02,Entregue
887,49,9,2026-01-02 08:55:50,76.73,Em Rota
888,1,5,2026-01-26 08:55:50,116.83,Em Rota
889,29,8,2026-03-03 08:55:50,140.15,Entregue
890,39,1,2026-01-21 08:55:50,78.37,Entregue
891,28,8,2026-02-04 08:55:50,30.78,Cancelado
892,48,9,2026-01-19 08:55:50,74.79,Em Rota
893,8,2,2026-02-18 08:55:50,111.19,Em Rota
894,46,3,2026-01-23 08:55:50,,Em Rota
895,33,3,2026-02-07 08:55:50,137.04,Entregue
896,40,6,2026-02-05 08:55:50,102.67,Em Rota
897,16,1,2026-02-07 08:55:50,,Em Rota
898,28,4,2026-01-25 08:55:50,55.39,Entregue
899,38,1,2026-02-21 08:55:50,-19.78,Em Rota
900,50,6,2026-02-04 08:55:50,31.61,Em Rota
901,38,10,2026-01-06 08:55:50,71.17,Em Rota
902,5,2,2026-02-13 08:55:50,83.18,Entregue
903,7,3,2026-02-16 08:55:50,-22.76,Entregue
904,24,9,2026-02-25 08:55:50,90.3,Entregue
905,31,5,2026-03-02 08:55:50,27.77,Em Rota
906,17,4,2026-01-26 08:55:50,35.94,Entregue
907,21,8,2026-02-12 08:55:50,84.21,Em Rota
908,41,6,2026-03-03 08:55:50,95.02,Em Rota
909,30,9,2026-01-26 08:55:50,54.29,Cancelado
910,45,9,2026-01-16 08:55:50,136.45,Em Rota
911,19,6,2026-03-01 08:55:50,84.65,Cancelado
912,34,9,2026-02-08 08:55:50,42.71,Cancelado
913,25,3,2026-02-22 08:55:50,87.56,Entregue
914,9,7,2026-02-04 08:55:50,90.15,Em Rota
915,30,8,2026-01-02 08:55:50,18.49,Cancelado
916,26,9,2026-02-11 08:55:50,53.57,Entregue
917,15,9,2026-01-21 08:55:50,87.88,Entregue
918,48,5,2026-01-31 08:55:50,114.84,Em Rota
919,42,2,2026-01-08 08:55:50,66.74,Cancelado
920,42,2,2026-02-12 08:55:50,100.26,Entregue
921,41,1,2026-01-28 08:55:50,138.95,Cancelado
922,20,8,2026-01-20 08:55:50,68.7,Entregue
923,35,6,2026-02-23 08:55:50,31.84,Entregue
924,4,8,2026-02-22 08:55:50,124.48,Cancelado
925,49,7,2026-02-14 08:55:50,78.23,Entregue
926,13,10,2026-02-22 08:55:50,27.82,Em Rota
927,17,10,2026-01-04 08:55:50,124.49,Cancelado
928,6,8,2026-02-25 08:55:50,49.16,Em Rota
929,44,1,2026-02-11 08:55:50,36.92,Em Rota
930,19,8,2026-02-15 08:55:50,102.21,Em Rota
931,11,10,2026-01-04 08:55:50,99.99,Em Rota
932,23,3,2026-02-05 08:55:50,59.96,Em Rota
933,40,1,2026-01-12 08:55:50,132.84,Entregue
934,26,6,2026-01-07 08:55:50,72.35,Em Rota
935,2,2,2026-01-05 08:55:50,16.46,Cancelado
936,17,8,2026-02-25 08:55:50,137.67,Em Rota
937,3,4,2026-01-03 08:55:50,110.88,Entregue
938,28,10,2026-02-19 08:55:50,102.36,Cancelado
939,20,1,2026-02-14 08:55:50,111.72,Cancelado
940,7,2,2026-01-12 08:55:50,25.12,Em Rota
941,37,3,2026-01-21 08:55:50,130.39,Entregue
942,20,1,2026-02-04 08:55:50,122.62,Em Rota
943,18,6,2026-01-18 08:55:50,140.09,Entregue
944,22,6,2026-03-02 08:55:50,36.59,Entregue
945,14,9,2026-01-13 08:55:50,23.18,Entregue
946,7,5,2026-01-02 08:55:50,87.82,Cancelado
947,36,5,2026-01-06 08:55:50,54.19,Cancelado
948,44,5,2026-03-02 08:55:50,123.39,Cancelado
949,14,3,2026-02-18 08:55:50,33.6,Cancelado
950,26,6,2026-01-23 08:55:50,80.95,Cancelado
951,6,4,2026-02-04 08:55:50,105.77,Cancelado
952,27,10,2026-01-29 08:55:50,-39.58,Em Rota
953,13,3,2026-02-05 08:55:50,41.65,Entregue
954,21,10,2026-01-08 08:55:50,55.11,Entregue
955,32,3,2026-01-18 08:55:50,86.7,Cancelado
956,6,8,2026-03-01 08:55:50,23.4,Cancelado
957,37,4,2026-01-28 08:55:50,107.25,Entregue
958,1,3,2026-02-15 08:55:50,69.72,Em Rota
959,33,5,2026-02-20 08:55:50,148.09,Cancelado
960,19,5,2026-02-24 08:55:50,82.2,Cancelado
961,23,10,2026-01-25 08:55:50,129.77,Cancelado
962,31,9,2026-02-21 08:55:50,133.6,Entregue
963,29,4,2026-01-06 08:55:50,97.4,Cancelado
964,16,8,2026-02-22 08:55:50,88.3,Entregue
965,9,5,2026-03-03 08:55:50,147.06,Em Rota
966,12,5,2026-01-19 08:55:50,56.79,Cancelado
967,7,3,2026-01-25 08:55:50,34.9,Entregue
968,32,6,2026-03-03 08:55:50,90.41,Cancelado
969,50,3,2026-02-20 08:55:50,97.22,Cancelado
970,8,7,2026-02-01 08:55:50,81.54,Entregue
971,33,9,2026-03-01 08:55:50,78.0,Cancelado
972,15,10,2026-01-07 08:55:50,140.71,Cancelado
973,46,5,2026-01-26 08:55:50,47.77,Entregue
974,24,8,2026-01-20 08:55:50,113.16,Cancelado
975,48,2,2026-02-23 08:55:50,31.24,Cancelado
976,45,6,2026-01-30 08:55:50,59.9,Em Rota
977,4,8,2026-03-03 08:55:50,63.96,Cancelado
978,47,9,2026-01-27 08:55:50,61.52,Em Rota
979,23,1,2026-01-11 08:55:50,96.23,Entregue
980,25,2,2026-02-27 08:55:50,97.39,Entregue
981,50,1,2026-02-02 08:55:50,73.73,Em Rota
982,50,6,2026-03-01 08:55:50,61.07,Em Rota
983,9,3,2026-02-18 08:55:50,31.1,Cancelado
984,1,3,2026-01-12 08:55:50,93.4,Cancelado
985,7,1,2026-01-20 08:55:50,28.26,Entregue
986,8,10,2026-02-26 08:55:50,17.48,Em Rota
987,48,2,2026-01-02 08:55:50,,Cancelado
988,16,2,2026-02-19 08:55:50,55.28,Cancelado
989,18,5,2026-01-31 08:55:50,,Cancelado
990,4,2,2026-02-12 08:55:50,138.29,Entregue
991,30,5,2026-01-28 08:55:50,34.83,Cancelado
992,40,1,2026-02-07 08:55:50,33.75,Entregue
993,17,3,2026-02-12 08:55:50,124.37,Entregue
994,11,6,2026-02-19 08:55:50,109.94,Em Rota
995,16,1,2026-02-25 08:55:50,36.95,Em Rota
996,42,3,2026-01-07 08:55:50,23.17,Entregue
997,40,2,2026-01-26 08:55:50,73.17,Em Rota
998,30,7,2026-01-27 08:55:50,37.82,Cancelado
999,37,2,2026-02-20 08:55:50,35.33,Cancelado
1000,24,10,2026-02-19 08:55:50,145.44,Em Rota
